,,,,,,
일상,#일상 #daily #데일리 #소통 #좋아요 #맞팔 #instagood #선팔 #팔로우 #좋아요반사 #f4f #instadaily #follow #일싱스타그램 #좋반 #선팔히면맞팔 #instagram #fff #l4l#일상 #일상스타그램 #데일리그램 #데일리 #인스타일상 #오늘 #어제 #실시간 #인스타굿 #주말 #첫줄안녀 #일상소통그램 #소통 #소통해요 #소통환영 #선팔 #맞팔 #팔로우 #사진스타그램 #데일리스타그램 #일기장 #하루일과 #그냥 #인스타일상 #휴무 #오후 #오랜만 #꿀주말 #일요일 #월요일 #월요병 #daily,,,,,
맛집,#daily #food #instagood #foodstagram #맛집 #먹스타그램 #일상 #맛스타그램 #맞팔 #소통 #먹방 #데일리 #좋아요 #선팔 #팔로우 #인친#선팔하면맞팔 #좋아요반사 일상스타그램#맛집스타그램 #instafood #맛집탐방 #지역이름맛집 #지역맛집추천 #맛집그램 #먹스타그램 #온더테이블 #푸드스타그램 #존맛탱 #koreafood #맛있다 #또먹고싶다 #먹방 #foodfic #먹스타 #맛스타 #비주얼깡패 #음식스타그램 #맛집인정 #존맛탱 #핵존맛 #맛있다 #이태원맛집 #서울맛집 #부산맛집 #지역핫플,,,,,
카페,#카페 #일상 #커피 #데일리 #좋아요 #맞팔소통 #카페스타그램 #선팔 #팔로우 #먹스타그램 #좋아요반사 #디저트 #카페투어 #cafe #daily #coffee #instagood #korea #f4f#카페 #카페스타그램 #카페맛집 #카페그램 #분위기좋은카페 #신상카페 #커피맛집 #감성카페 #갬성카페 #카페추천 #카페투어 #예쁜카페 #당충전 #인테리어 #감성 #달달해 #커피숍추천 #달다구리 #도장깨기 #커피 #아인슈패너 #티라미수 #인스타카페 #디저트카페 #카페추천 #카페투어 #예쁜카페 #카페놀이 #아아 #카페라떼 #이쁜카페 #지역카페 #카페데이트 #주말데이트,,,,,
소통,#맞팔 #일상 #선팔 #소통 #좋아요 #데일리 #팔로우 #좋아요반사 #선팔하면맞팔 #인친 #좋반 #f4f #intagood #follow #fff #instadaily #instagram#팔로우 #팔로미 #팔로잉 #선팔 #맞팔 #선팔하면맞팔 #선팔맞팔 #인친환영 #디엠 #좋아요테러 #소통 #소통환영 #선팔하면맞팔가요 #맞팔100 #좋튀 #좋아요그램 #좋반 #좋튀 #좋아요램 #fff #likeforlikes #liker #첫줄반사 #댓글 #맞좋아요 #좋반댓 #좋아요반사테러,,,,,
셀카,#셀카 #셀스타그램 #셀기꾼 #일상 #맞팔 #좋아요 #데일리 #소통 #선팔 #팔로우 #좋아요반사 #인친 #선팔하면맞팔 #좋반 #인스타그램 #데일리룩 #selfie #daily #instagood #f4f #follow #fff #instadaily#셀카 #셀카그램 #셀스타 #얼스타그램 #셀피 #셀피그램 #셀기꾼 #거울샷 #셀 #거울셀카 #전신샷 #기본카메라 #재탕 #셀고 #얼스타 #오늘의흔녀 #오늘의흔남 #무쌍 #selsta #selstagram #얼스타그램셀카 #셀카놀이 #얼카 #셀카타임 #셀피꾼 #셀끼꾼 #셀피족 #셀카잼 #셀카샷 #누구세요 #어플추천,,,,,
ootd,#오오티디 #오늘의룩 #일상 #데일리 #맞팔 #소통 #좋아요 #선팔 #팔로우 #데일리룩 #좋아요반사 #인친 #선팔하면맞팔 #패션 #ootd #daily #instagood #dailylook #follow #fff #instadaily,,,,,
여행,#여행 #어디까지가봤니 #여행에미치다 #떠나고싶다 #여행스타그램 #풍경사진 #사진소통 #국내여행가볼만한곳 #감성여행 #여행사진 #여행후기 #여행중 #감성여행 #여행이좋다 #여행기록 #여행일기 #여행중독 #여행앓이 #travel #비행스타그램 #추억스타그램 #추억 #떠나자 #여행지역 #놀러가자 #휴가스타그램 #trip,,,,,
육아,#육아 #육아스타그램 #베이비그램 #아기스타그램 #얼짱아기 #우래기 #울애기 #아가그램 #아가아가 #베이비 #딸스타그램 #아들스타그램 #키즈스타그램 #울지마 #가족스타그램 #초보엄마 #초보아빠 #육아 #육아그램 #육아일기 #육아기록 #워킹맘 #딸바보 #육아맘,,,,,
요리,#요리 #요리스타그램 #맛스타그램 #맛있다그램 #먹스타그램 #먹킷리스트 #먹스타맞팔 #당충전 #집밥 #맛있어 #먹방 #취향저격 #냠냠 #instafood #foodstagram #food #존맛탱 #핵존맛 #쿡스타그램 #푸드스타그램 #먹스타 #혼술 #혼밥 #냠냠쩝쩝 #맛있다 #술스타그램 #오늘뭐먹지 #야식 #간식 #간식그램 #간식스타그램 #꿀맛 #존맛 #음식스타그램 #음식 #집밥 #가정식,,,,,
패션,#패션 #데일리룩 #여친룩 #스타일링 #오늘의코디 #전신스타그램 #패션스타 #스타일링 #데일리룩코디 #데일리룩그램 #멋스타그램 #오오티디 #ootd #daily #패션스타그램 #일상룩 #일상룩코디 #패션그램 #아웃핏 #패피 #패피녀 #패피남 #신상룩 #전신샷 #미러샷 #거울샷 #옷스타그램 #코디 #패션피플 #스타일 #오오티디룩,,,,,
운동,#운동 #다이어트 #유지어터 #운동그램 #다욧 #식단조절 #다이어트식단 #필라테스 #요가 #아가리어터 #평생숙제 #일상 #운동스타그램 #운동하는여자 #운동하는남자 #다이어트그램 #diet #몸짱 #피트니스타그램 #몸스타그램 #피트니스 #웨이트 #건강 #헬스 #헬스타그램 #workout #fitness #헬창 #바디프로필 #바디체크 #다이어터 #몸매관리 #헬린이 #벌크업 #운동하는직장인 #힙업,,,,,
직장,#회사 #직장인 #직장인스타그램 #직장인룩 #직장인도시락 #직장인다이어트 #직장인코디 #직장인공부 #운동하는직장인 #직장인취미 #퇴근 #회사에서 #집에가고싶다 #열일 #점심시간 #직장인그램 #사회생활 #신입 #인턴 #사원증 #직딩 #월요일싫어 #월요일 #월요병 #출근하기싫다 #퇴사각 #일개미 #내일도출근 #월급 #막내 #퇴근후 #직장인의삶 #현실은 #야근 #출근길 #출근,,,,,
뷰티,#뷰티스타그램 #쇼핑스타그램 #코덕 #뷰티템 #애정템 #화장품 #화장품덕후 #코스메틱 #인스타뷰티 #오늘의화장품 #뷰티 #뷰티스타그램 #얼스타그램 #메이크업 #화장품그램 #화장스타그램 #코덕스타그램 #존예보스 #영롱보스 #블링블링 #여자템 #발색 #발색짱 #뷰티톡,,,,,
사랑,#여자친구 #남자친구 #럽스타그램 #데이트 #연애중 #남친스타그램 #여친스타그램 #사랑꾼 #데이트그램 #커플 #커플샷 #기념일 #사랑해 #연애 #사랑 #연애그램 #사랑해요 #추억 #포옹샷 #데이트 #여친짤 #연애일기 #연인 #부부 #남편 #와이프 #알콩달콩 #행복한하루 #내사랑 #남친몬 #여친몬 #곰신 #곰신스타그램 #러브러브 #알라뷰 #사랑중 #내꺼 #연애하고싶다 #연애상담 #n년차부부 #n년차커플 #커플계정 #연상연하커플 #데이트코스,,,,,